name,description,app_goal,target_user,main_problem,design_preferences,additional_requirements,tech_stack,complexity_level
Task Manager Pro,"A comprehensive task management application with team collaboration features","Help teams organize and track project tasks efficiently","Project managers and team leads","Difficulty in coordinating tasks across team members and tracking progress","Clean, modern interface with dashboard and kanban board views","Real-time notifications, file attachments, time tracking","Python/React",medium
Budget Tracker,"Personal finance application for tracking expenses and managing budgets","Enable users to take control of their personal finances","Individuals looking to manage personal finances","Lack of visibility into spending patterns and budget adherence","Minimalist design with charts and graphs for data visualization","Bank integration, expense categorization, budget alerts","Python/React",medium
Recipe Finder,"AI-powered recipe recommendation app based on available ingredients","Help users discover recipes using ingredients they already have","Home cooks and cooking enthusiasts","Food waste and difficulty deciding what to cook with available ingredients","Colorful, food-focused design with high-quality images","Dietary restriction filters, shopping list generation, nutritional info","Python/React",high
Workout Planner,"Personalized fitness application with custom workout routines","Provide tailored workout plans based on user goals and fitness level","Fitness enthusiasts and beginners","Lack of structured workout plans and progress tracking","Energetic, motivational design with progress visualizations","Video exercise demonstrations, progress photos, social features","Python/React",high
Study Buddy,"Collaborative study platform with flashcards and group features","Enhance learning through spaced repetition and peer collaboration","Students and lifelong learners","Ineffective study methods and lack of study accountability","Academic, clean interface with focus on readability","Spaced repetition algorithm, study groups, progress analytics","Python/React",medium
Local Events,"Community event discovery and planning application","Connect people with local events and activities","Community members and event organizers","Difficulty discovering relevant local events and activities","Community-focused design with map integration","Event creation, RSVP system, calendar integration","Python/React",medium
Plant Care,"Smart plant care app with care reminders and plant identification","Help users maintain healthy plants through proper care guidance","Plant enthusiasts and beginners","Plant neglect due to forgetting care schedules","Nature-inspired, green color scheme with plant imagery","Plant identification via camera, care schedules, plant health tracking","Python/React",medium
Language Exchange,"Platform for connecting language learners with native speakers","Facilitate language learning through conversation practice","Language learners and polyglots","Lack of conversation practice opportunities with native speakers","International, multicultural design with video chat integration","Video calls, progress tracking, cultural exchange features","Python/React",high
Habit Tracker,"Simple but effective habit formation and tracking application","Help users build and maintain positive habits","Individuals focusing on personal development","Difficulty maintaining consistency in habit formation","Motivational design with streak counters and achievement badges","Habit streaks, reminders, habit analytics, social accountability","Python/React",low
Inventory Manager,"Small business inventory management system","Streamline inventory tracking for small businesses","Small business owners and store managers","Manual inventory tracking leading to stock issues","Professional, business-focused interface with data tables","Barcode scanning, low stock alerts, supplier management","Python/React",high
